{
  "src": ["sound/sprites.mp3"],
  "sprite": {
    "background1": [0, 214204.08163265308],
    "background2": [216000, 216000],
    "clearing-fog": [433000, 4235.306122449003],
    "monster": [439000, 700]
  }
}
